"","term","df","sumsq","meansq","statistic","p.value"
"1","Insight",10,459397.228262931,45939.7228262931,427.868463762975,9.70064699363454e-77
"2","Residuals",99,10629.5110413243,107.368798397215,NA,NA
