"","term","df","sumsq","meansq","statistic","p.value"
"1","Insight",9,325731.852606894,36192.4280674326,341.284350348052,1.57350050514282e-65
"2","Residuals",90,9544.29502186967,106.047722465219,NA,NA
