"","term","df","sumsq","meansq","statistic","p.value"
"1","Insight",9,648383.990853083,72042.6656503426,19.5071684832417,6.22774351892874e-23
"2","Residuals",190,701696.224407161,3693.13802319559,NA,NA
