"","term","df","sumsq","meansq","statistic","p.value"
"1","Insight",9,689528.5402953,76614.2822550333,806.63143404715,3.03068163865385e-146
"2","Residuals",190,18046.3009672463,94.9805314065594,NA,NA
