"","term","df","sumsq","meansq","statistic","p.value"
"1","Insight",9,178022.532944214,19780.281438246,20.0039694898133,3.55731802357029e-12
"2","Residuals",40,39552.7126719902,988.817816799754,NA,NA
