"","term","df","sumsq","meansq","statistic","p.value"
"1","Insight",9,341846.115134082,37982.9016815647,36.6614969369841,2.15642025603719e-26
"2","Residuals",90,93243.9053761681,1036.04339306853,NA,NA
