"","term","df","sumsq","meansq","statistic","p.value"
"1","Insight",9,518139.29463973,57571.0327377478,59.5200163778359,1.73747409114001e-43
"2","Residuals",140,135415.698344567,967.254988175476,NA,NA
