"","term","df","sumsq","meansq","statistic","p.value"
"1","Insight",10,79342.0935356883,7934.20935356883,5.86581957025065,0.00361895691708256
"2","Residuals",11,14878.7909079051,1352.6173552641,NA,NA
