"","term","df","sumsq","meansq","statistic","p.value"
"1","Insight",9,157704.935349219,17522.7705943577,137.175984701255,3.43780308526945e-27
"2","Residuals",40,5109.57384633153,127.739346158288,NA,NA
