"","term","df","sumsq","meansq","statistic","p.value"
"1","Insight",9,555513.021858786,61723.6690954206,67.6274452333383,1.44531633414289e-46
"2","Residuals",140,127778.206666588,912.701476189917,NA,NA
