"","term","df","sumsq","meansq","statistic","p.value"
"1","Insight",9,180921.583881302,20102.3982090335,137.591413951591,3.24321734532224e-27
"2","Residuals",40,5844.0850723741,146.102126809352,NA,NA
