"","term","df","sumsq","meansq","statistic","p.value"
"1","Insight",9,387841.442573565,43093.493619285,12.4014013419241,1.44612808527783e-12
"2","Residuals",90,312740.013713152,3474.88904125725,NA,NA
