"","term","df","sumsq","meansq","statistic","p.value"
"1","Insight",9,498399.913868823,55377.768207647,16.7164884137682,1.88150768270912e-18
"2","Residuals",140,463786.852667278,3312.7632333377,NA,NA
