"","term","df","sumsq","meansq","statistic","p.value"
"1","Insight",9,636481.423607658,70720.1581786286,23.3244211921144,1.66253372435276e-26
"2","Residuals",190,576084.179893056,3032.02199943714,NA,NA
