"","term","df","sumsq","meansq","statistic","p.value"
"1","Insight",9,329217.526791979,36579.7251991088,387.999115575046,5.77989850509331e-68
"2","Residuals",90,8485.00714503053,94.2778571670059,NA,NA
