"","term","df","sumsq","meansq","statistic","p.value"
"1","Insight",9,154983.14561969,17220.3495132989,24.6651719347521,1.21750044039275e-13
"2","Residuals",40,27926.5833765159,698.164584412898,NA,NA
