"","term","df","sumsq","meansq","statistic","p.value"
"1","Insight",10,827843.455697645,82784.3455697645,88.1831941852436,2.40571388024089e-69
"2","Residuals",209,196204.371864045,938.776898871026,NA,NA
