"","term","df","sumsq","meansq","statistic","p.value"
"1","Insight",9,331886.686051006,36876.2984501118,414.249277624299,3.28120276785449e-69
"2","Residuals",90,8011.76257818387,89.019584202043,NA,NA
