"","term","df","sumsq","meansq","statistic","p.value"
"1","Insight",9,210844.4287873,23427.1587541444,11.6875305408573,9.75269073340232e-09
"2","Residuals",40,80178.3017284882,2004.4575432122,NA,NA
