"","term","df","sumsq","meansq","statistic","p.value"
"1","Insight",9,510293.247928475,56699.2497698306,562.152739444829,3.24817140721041e-105
"2","Residuals",140,14120.5306152481,100.860932966058,NA,NA
