"","term","df","sumsq","meansq","statistic","p.value"
"1","Insight",9,263485.521595765,29276.1690661961,8.10522497502173,1.03069805601668e-08
"2","Residuals",90,325081.071047085,3612.01190052317,NA,NA
