"","term","df","sumsq","meansq","statistic","p.value"
"1","Insight",9,668554.932899689,74283.8814332988,696.832129643638,2.22331079753141e-140
"2","Residuals",190,20254.4298288092,106.602262256891,NA,NA
