"","term","df","sumsq","meansq","statistic","p.value"
"1","Insight",9,671016.352322486,74557.3724802762,723.634813994856,6.86161716133742e-142
"2","Residuals",190,19576.0354494956,103.031765523661,NA,NA
