"","term","df","sumsq","meansq","statistic","p.value"
"1","Insight",10,253615.554540361,25361.5554540361,34.656625435484,1.3041207241999e-17
"2","Residuals",44,32198.9930051019,731.795295570497,NA,NA
