"","term","df","sumsq","meansq","statistic","p.value"
"1","Insight",9,509355.947492385,56595.1052769316,825.974771929482,1.22827983577512e-116
"2","Residuals",140,9592.6837090454,68.5191693503242,NA,NA
