"","term","df","sumsq","meansq","statistic","p.value"
"1","Insight",10,676132.945949665,67613.2945949665,68.159767157722,2.07761204230799e-51
"2","Residuals",154,152765.301318157,991.982476091932,NA,NA
