"","term","df","sumsq","meansq","statistic","p.value"
"1","Insight",10,244077.621569754,24407.7621569754,5.13352946429524,6.00381731140669e-05
"2","Residuals",44,209201.396890074,4754.57720204714,NA,NA
