"","term","df","sumsq","meansq","statistic","p.value"
"1","Insight",9,316142.218441592,35126.9131601769,44.2608423604198,2.75680514309826e-29
"2","Residuals",90,71427.0677153452,793.634085726058,NA,NA
