"","term","df","sumsq","meansq","statistic","p.value"
"1","Insight",9,171326.93699796,19036.3263331066,173.648781658793,3.59261119498834e-29
"2","Residuals",40,4385.01811559187,109.625452889797,NA,NA
