"","term","df","sumsq","meansq","statistic","p.value"
"1","Insight",9,66585.6039242497,7398.40043602774,17.6774493735578,5.18126782521482e-05
"2","Residuals",10,4185.21941694505,418.521941694505,NA,NA
