"","term","df","sumsq","meansq","statistic","p.value"
"1","Insight",9,668698.550509037,74299.8389454486,88.8909206687964,2.93255487689421e-63
"2","Residuals",190,158812.2756905,835.854082581577,NA,NA
