"","term","df","sumsq","meansq","statistic","p.value"
"1","Insight",9,39781.5963944041,4420.17737715601,1.65661587219862,0.221349006924343
"2","Residuals",10,26681.9692563349,2668.19692563349,NA,NA
