"","term","df","sumsq","meansq","statistic","p.value"
"1","Insight",9,682792.361520684,75865.8179467427,19.2175524382668,1.19664260537639e-22
"2","Residuals",190,750069.784182213,3947.73570622217,NA,NA
