"","term","df","sumsq","meansq","statistic","p.value"
"1","Insight",10,690745.829692294,69074.5829692294,749.5173551288,3.86357871389963e-125
"2","Residuals",154,14192.4475857311,92.1587505566957,NA,NA
