"","term","df","sumsq","meansq","statistic","p.value"
"1","Insight",10,467849.311403851,46784.9311403851,54.9852855349364,6.0914412073819e-36
"2","Residuals",99,84235.4120350116,850.8627478284,NA,NA
