"","term","df","sumsq","meansq","statistic","p.value"
"1","Insight",9,680227.650883772,75580.8500981969,85.3113038939965,6.60898716898654e-62
"2","Residuals",190,168328.941924283,885.94179960149,NA,NA
