"","term","df","sumsq","meansq","statistic","p.value"
"1","Insight",10,587006.989431939,58700.6989431939,14.2630506808352,2.56894611718501e-15
"2","Residuals",99,407442.231358313,4115.57809452841,NA,NA
