"","term","df","sumsq","meansq","statistic","p.value"
"1","Insight",9,453960.413662791,50440.0459625324,12.6309404323018,1.49909329568871e-14
"2","Residuals",140,559072.103348337,3993.37216677384,NA,NA
