"","term","df","sumsq","meansq","statistic","p.value"
"1","Insight",9,204504.229834449,22722.6922038277,33.545924310892,6.79139014190866e-16
"2","Residuals",40,27094.4297056675,677.360742641688,NA,NA
