"","term","df","sumsq","meansq","statistic","p.value"
"1","Insight",10,93531.8020716542,9353.18020716542,60.4900987953683,3.74815417601627e-08
"2","Residuals",11,1700.85657533589,154.623325030535,NA,NA
