"","term","df","sumsq","meansq","statistic","p.value"
"1","Insight",9,11775.6175450898,1308.40194945443,6.46218913973802,0.00368971854680118
"2","Residuals",10,2024.70389083578,202.470389083578,NA,NA
