"","term","df","sumsq","meansq","statistic","p.value"
"1","Insight",9,65388.9487558272,7265.43875064746,8.60516548801474,0.00117884325945274
"2","Residuals",10,8443.11333787451,844.311333787451,NA,NA
