"","term","df","sumsq","meansq","statistic","p.value"
"1","Insight",9,376767.646480031,41863.0718311145,12.7585633420981,7.40327289642785e-13
"2","Residuals",90,295305.698908003,3281.17443231114,NA,NA
