"","term","df","sumsq","meansq","statistic","p.value"
"1","Insight",9,65094.9171320041,7232.76857022268,42.5400185869022,8.47292495685928e-07
"2","Residuals",10,1700.22694170839,170.022694170839,NA,NA
