"","term","df","sumsq","meansq","statistic","p.value"
"1","Insight",9,340921.384545307,37880.1538383675,43.3062901158234,6.04328211112559e-29
"2","Residuals",90,78723.294845508,874.7032760612,NA,NA
