"","term","df","sumsq","meansq","statistic","p.value"
"1","Insight",9,517892.957779031,57543.6619754479,16.11575902778,6.59812463813428e-18
"2","Residuals",140,499890.365863362,3570.64547045258,NA,NA
