"","term","df","sumsq","meansq","statistic","p.value"
"1","Insight",9,366150.543298013,40683.3936997792,37.8197603798061,7.31596877621186e-27
"2","Residuals",90,96814.6121553744,1075.71791283749,NA,NA
