"","term","df","sumsq","meansq","statistic","p.value"
"1","Insight",10,257753.718701701,25775.3718701701,5.32938794739201,4.0862394779926e-05
"2","Residuals",44,212804.241965999,4836.46004468179,NA,NA
