"","term","df","sumsq","meansq","statistic","p.value"
"1","Insight",9,670208.044288491,74467.560476499,801.065358625835,5.7497128107681e-146
"2","Residuals",190,17662.5244596846,92.9606550509715,NA,NA
