"","term","df","sumsq","meansq","statistic","p.value"
"1","Insight",9,771418.480675478,85713.1645194976,105.331152173491,5.83696659490509e-69
"2","Residuals",190,154612.390756731,813.749425035429,NA,NA
