"","term","df","sumsq","meansq","statistic","p.value"
"1","Insight",9,66317.8942251589,7368.65491390655,10.3224682082747,0.000551723309019797
"2","Residuals",10,7138.46220228578,713.846220228578,NA,NA
