"","term","df","sumsq","meansq","statistic","p.value"
"1","Insight",10,124755.505502165,12475.5505502165,8.76907807835932,0.00063482390603831
"2","Residuals",11,15649.4280044153,1422.67527312867,NA,NA
