"","term","df","sumsq","meansq","statistic","p.value"
"1","Insight",9,71161.1426774648,7906.79363082942,4.33476777479987,0.0158228659111305
"2","Residuals",10,18240.4088098917,1824.04088098917,NA,NA
