"","term","df","sumsq","meansq","statistic","p.value"
"1","Insight",10,724858.161031582,72485.8161031582,70.4942254064001,2.55030558669234e-52
"2","Residuals",154,158350.781436814,1028.25182751178,NA,NA
