"","term","df","sumsq","meansq","statistic","p.value"
"1","Insight",9,166564.275129145,18507.1416810161,175.573910173935,2.9001344155258e-29
"2","Residuals",40,4216.37626289275,105.409406572319,NA,NA
