"","term","df","sumsq","meansq","statistic","p.value"
"1","Insight",9,77367.0394999575,8596.3377222175,0.982023580958204,0.50623621658345
"2","Residuals",10,87536.9786317114,8753.69786317114,NA,NA
