"","term","df","sumsq","meansq","statistic","p.value"
"1","Insight",9,330387.81293239,36709.7569924877,417.058253750782,2.43948779072483e-69
"2","Residuals",90,7921.86247271385,88.020694141265,NA,NA
