"","term","df","sumsq","meansq","statistic","p.value"
"1","Insight",10,546077.832916867,54607.7832916867,13.7229082685051,4.28831477527405e-17
"2","Residuals",154,612814.60623185,3979.31562488214,NA,NA
