"","term","df","sumsq","meansq","statistic","p.value"
"1","Insight",9,481234.179924539,53470.4644360599,646.525854242616,2.35894043431124e-109
"2","Residuals",140,11578.601183425,82.7042941673211,NA,NA
