"","term","df","sumsq","meansq","statistic","p.value"
"1","Insight",9,168035.46108875,18670.6067876389,4.47385988696536,0.000421283304159785
"2","Residuals",40,166930.634926998,4173.26587317495,NA,NA
