"","term","df","sumsq","meansq","statistic","p.value"
"1","Insight",10,1020392.1076542,102039.21076542,31.6842176072358,9.86285168113783e-37
"2","Residuals",209,673085.73985751,3220.50593233258,NA,NA
