"","term","df","sumsq","meansq","statistic","p.value"
"1","Insight",9,251008.39320441,27889.8214671567,8.09198549012592,1.03851932488904e-06
"2","Residuals",40,137863.922278104,3446.59805695261,NA,NA
