"","term","df","sumsq","meansq","statistic","p.value"
"1","Insight",9,212529.182437789,23614.3536041987,7.83934826027484,1.50416734467534e-06
"2","Residuals",40,120491.412398973,3012.28530997433,NA,NA
