"","term","df","sumsq","meansq","statistic","p.value"
"1","Insight",10,660903.524672983,66090.3524672983,641.031471771326,4.96469546660952e-120
"2","Residuals",154,15877.4018564797,103.100012055063,NA,NA
