"","term","df","sumsq","meansq","statistic","p.value"
"1","Insight",9,351749.717674614,39083.301963846,10.5491305743331,5.45731859871232e-11
"2","Residuals",90,333439.533425104,3704.88370472338,NA,NA
