"","term","df","sumsq","meansq","statistic","p.value"
"1","Insight",9,52792.6195455569,5865.84661617298,6.04059507306533,0.00477516286110399
"2","Residuals",10,9710.70986421265,971.070986421266,NA,NA
