"","term","df","sumsq","meansq","statistic","p.value"
"1","Insight",10,440510.019471967,44051.0019471967,404.638759107159,1.43456213741359e-75
"2","Residuals",99,10777.6358409046,108.865008493986,NA,NA
