"","term","df","sumsq","meansq","statistic","p.value"
"1","Insight",9,164173.367256083,18241.4852506759,23.4262430184836,2.82955432258438e-13
"2","Residuals",40,31147.094711317,778.677367782924,NA,NA
