"","term","df","sumsq","meansq","statistic","p.value"
"1","Insight",10,868356.521700216,86835.6521700216,844.246221306207,5.30380744996443e-163
"2","Residuals",209,21496.8700427882,102.855837525302,NA,NA
