"","term","df","sumsq","meansq","statistic","p.value"
"1","Insight",10,891397.94431236,89139.794431236,31.9970200672861,5.38874917370086e-37
"2","Residuals",209,582248.503046568,2785.8780050075,NA,NA
