"","term","df","sumsq","meansq","statistic","p.value"
"1","Insight",9,596198.543556133,66244.2826173481,71.5877505021813,5.77477194647588e-48
"2","Residuals",140,129550.090642199,925.357790301424,NA,NA
