"","term","df","sumsq","meansq","statistic","p.value"
"1","Insight",10,219698.148162188,21969.8148162188,355.801948655,1.16458267847394e-38
"2","Residuals",44,2716.88183712268,61.7473144800609,NA,NA
