"","term","df","sumsq","meansq","statistic","p.value"
"1","Insight",9,14960.0191613422,1662.22435126024,11.7829747159291,0.000313096635693517
"2","Residuals",10,1410.70009172906,141.070009172906,NA,NA
