"","term","df","sumsq","meansq","statistic","p.value"
"1","Insight",10,231490.964497844,23149.0964497844,303.972909421407,3.5241291081042e-37
"2","Residuals",44,3350.82572236216,76.1551300536854,NA,NA
