"","term","df","sumsq","meansq","statistic","p.value"
"1","Insight",10,167374.776058722,16737.4776058722,5.31222999089047,0.00541280762433772
"2","Residuals",11,34658.1857299692,3150.74415726992,NA,NA
