"","term","df","sumsq","meansq","statistic","p.value"
"1","Insight",10,801973.831431679,80197.3831431679,22.3769253236413,2.08681537427035e-25
"2","Residuals",154,551925.55837864,3583.9321972639,NA,NA
