"","term","df","sumsq","meansq","statistic","p.value"
"1","Insight",9,720191.23744805,80021.2486053389,24.789408383511,8.4123136609049e-28
"2","Residuals",190,613327.958448883,3228.04188657307,NA,NA
