"","term","df","sumsq","meansq","statistic","p.value"
"1","Insight",9,327738.399104943,36415.3776783271,8.44655324783019,5.09704653269804e-10
"2","Residuals",140,603577.900402799,4311.27071716285,NA,NA
