"","term","df","sumsq","meansq","statistic","p.value"
"1","Insight",10,349669.840728269,34966.9840728269,9.72711090042573,3.86478554619679e-11
"2","Residuals",99,355884.852002494,3594.79648487368,NA,NA
