"","term","df","sumsq","meansq","statistic","p.value"
"1","Insight",9,659304.266742846,73256.029638094,87.2932741698373,1.16305924095587e-62
"2","Residuals",190,159446.942088091,839.194432042582,NA,NA
