"","term","df","sumsq","meansq","statistic","p.value"
"1","Insight",9,493016.543089026,54779.6158987806,476.116521835221,2.55083328989917e-100
"2","Residuals",140,16107.7086681808,115.055061915577,NA,NA
