"","term","df","sumsq","meansq","statistic","p.value"
"1","Insight",10,425422.086617124,42542.2086617124,50.5931110767758,1.85864797646464e-34
"2","Residuals",99,83246.0895934674,840.869591853206,NA,NA
