"","term","df","sumsq","meansq","statistic","p.value"
"1","Insight",10,219124.615568594,21912.4615568594,17.9292756174979,1.96253440887012e-12
"2","Residuals",44,53775.0843408789,1222.16100774725,NA,NA
