"","term","df","sumsq","meansq","statistic","p.value"
"1","Insight",10,872296.019869781,87229.6019869781,917.180294871869,1.13414514120423e-166
"2","Residuals",209,19877.2116204539,95.1062756959515,NA,NA
