"","term","df","sumsq","meansq","statistic","p.value"
"1","Insight",9,59484.3719143525,6609.37465715028,99.2685778288335,1.37487827273023e-08
"2","Residuals",10,665.807328130224,66.5807328130224,NA,NA
