"","term","df","sumsq","meansq","statistic","p.value"
"1","Insight",10,824446.953986083,82444.6953986083,86.5903917167079,1.103497604785e-68
"2","Residuals",209,198993.68736756,952.122906064881,NA,NA
