"","term","df","sumsq","meansq","statistic","p.value"
"1","Insight",10,114520.526272827,11452.0526272827,5.51425787979458,0.00465781439612344
"2","Residuals",11,22844.8835085679,2076.80759168799,NA,NA
