"","term","df","sumsq","meansq","statistic","p.value"
"1","Insight",9,154737.341314073,17193.0379237859,2.88450226417274,0.0571487891279359
"2","Residuals",10,59604.8688792303,5960.48688792303,NA,NA
