"","term","df","sumsq","meansq","statistic","p.value"
"1","Insight",10,81001.6486197776,8100.16486197776,116.624751537139,1.09397557790005e-09
"2","Residuals",11,764.00431561375,69.4549377830682,NA,NA
