"","term","df","sumsq","meansq","statistic","p.value"
"1","Insight",9,477582.661560755,53064.7401734172,66.3738597511286,4.1335972861851e-46
"2","Residuals",140,111927.551782192,799.482512729944,NA,NA
