"","term","df","sumsq","meansq","statistic","p.value"
"1","Insight",10,172147.167883073,17214.7167883073,150.756899225392,8.85448536931294e-90
"2","Residuals",209,23865.4139693943,114.188583585619,NA,NA
