"","term","df","sumsq","meansq","statistic","p.value"
"1","Insight",10,284327.077024457,28432.7077024457,8.23891012828704,3.18689980794377e-11
"2","Residuals",209,721264.8053301,3451.02777669904,NA,NA
