"","term","df","sumsq","meansq","statistic","p.value"
"1","Insight",10,86292.362833378,8629.2362833378,9.4714371547032,3.55630239043911e-12
"2","Residuals",154,140306.308950604,911.079928250679,NA,NA
