"","term","df","sumsq","meansq","statistic","p.value"
"1","Insight",9,17035.8400367364,1892.87111519293,2.00128618232856,0.147371706254913
"2","Residuals",10,9458.27304414063,945.827304414064,NA,NA
