"","term","df","sumsq","meansq","statistic","p.value"
"1","Insight",9,58111.1329630994,6456.79255145549,2.2565669077172,0.0217725748922283
"2","Residuals",140,400586.818016502,2861.33441440359,NA,NA
