"","term","df","sumsq","meansq","statistic","p.value"
"1","Insight",9,78148.1552677039,8683.12836307821,2.59830340825223,0.0183538523418992
"2","Residuals",40,133673.817083879,3341.84542709698,NA,NA
