"","term","df","sumsq","meansq","statistic","p.value"
"1","Insight",9,44806.8676871262,4978.54085412513,1.11487339600763,0.430667508876829
"2","Residuals",10,44655.6610997565,4465.56610997565,NA,NA
