"","term","df","sumsq","meansq","statistic","p.value"
"1","Insight",10,251480.864890829,25148.0864890829,7.09759467174211,3.90110856987264e-09
"2","Residuals",154,545650.392623531,3543.18436768527,NA,NA
