"","term","df","sumsq","meansq","statistic","p.value"
"1","Insight",10,83699.8992515925,8369.98992515925,2.23063531974404,0.0217451528635817
"2","Residuals",99,371476.679875153,3752.28969570862,NA,NA
