"","term","df","sumsq","meansq","statistic","p.value"
"1","Insight",9,60314.2597046544,6701.58441162827,2.39859604435944,0.0174162103130602
"2","Residuals",90,251456.512848381,2793.9612538709,NA,NA
