"","term","df","sumsq","meansq","statistic","p.value"
"1","Insight",9,77435.4611942155,8603.94013269061,48.7161677546518,4.41312844901932e-07
"2","Residuals",10,1766.13648594496,176.613648594496,NA,NA
