"","term","df","sumsq","meansq","statistic","p.value"
"1","Insight",10,80786.6773337543,8078.66773337543,83.4226638307893,1.15414085644581e-43
"2","Residuals",99,9587.1801364006,96.8402033979858,NA,NA
