"","term","df","sumsq","meansq","statistic","p.value"
"1","Insight",9,19012.283058687,2112.47589540967,0.572849045822194,0.792331222136383
"2","Residuals",10,36876.6590573209,3687.66590573209,NA,NA
