"","term","df","sumsq","meansq","statistic","p.value"
"1","Insight",9,105596.010691736,11732.8900768595,99.6707597409616,2.22036407337566e-56
"2","Residuals",140,16480.30590947,117.716470781928,NA,NA
