"","term","df","sumsq","meansq","statistic","p.value"
"1","Insight",10,92859.6252392043,9285.96252392043,11.0220849720348,2.06746942162015e-12
"2","Residuals",99,83406.2060127998,842.48692942222,NA,NA
