"","term","df","sumsq","meansq","statistic","p.value"
"1","Insight",10,104649.346797428,10464.9346797428,4.49613852076805,0.00021839963504947
"2","Residuals",44,102411.685890413,2327.5383156912,NA,NA
