"","term","df","sumsq","meansq","statistic","p.value"
"1","Insight",10,180907.15522601,18090.715522601,17.6546976201135,4.07636932209893e-23
"2","Residuals",209,214161.671050999,1024.69699067464,NA,NA
