"","term","df","sumsq","meansq","statistic","p.value"
"1","Insight",9,24931.6704846084,2770.18560940093,14.0739614937536,0.000143909430599187
"2","Residuals",10,1968.30551982853,196.830551982853,NA,NA
