"","term","df","sumsq","meansq","statistic","p.value"
"1","Insight",10,39911.2120684663,3991.12120684663,4.34335684806255,0.000300319656723702
"2","Residuals",44,40431.7073738913,918.90244031571,NA,NA
