"","term","df","sumsq","meansq","statistic","p.value"
"1","Insight",10,29822.388648102,2982.2388648102,2.29290728798729,0.0947911493060581
"2","Residuals",11,14307.001283819,1300.63648034719,NA,NA
