"","term","df","sumsq","meansq","statistic","p.value"
"1","Insight",9,104839.062509543,11648.7847232825,124.599792226783,2.71215368528028e-62
"2","Residuals",140,13088.5439864241,93.489599903029,NA,NA
