"","term","df","sumsq","meansq","statistic","p.value"
"1","Insight",9,67959.8929446535,7551.09921607261,70.492690445172,6.89377723729461e-37
"2","Residuals",90,9640.70069045123,107.118896560569,NA,NA
