"","term","df","sumsq","meansq","statistic","p.value"
"1","Insight",9,70948.2725556412,7883.14139507125,2.20002782064222,0.0290647986610269
"2","Residuals",90,322488.069877819,3583.20077642021,NA,NA
