"","term","df","sumsq","meansq","statistic","p.value"
"1","Insight",9,44301.587218009,4922.39857977878,59.6265117114511,2.33252324973979e-20
"2","Residuals",40,3302.15431927302,82.5538579818254,NA,NA
