"","term","df","sumsq","meansq","statistic","p.value"
"1","Insight",9,43674.8408531736,4852.76009479707,1.49686926684429,0.182500772759731
"2","Residuals",40,129677.593154884,3241.9398288721,NA,NA
