"","term","df","sumsq","meansq","statistic","p.value"
"1","Insight",9,76495.3981278948,8499.4886808772,8.27701459951917,7.0019892813807e-09
"2","Residuals",90,92419.0687453162,1026.87854161462,NA,NA
