"","term","df","sumsq","meansq","statistic","p.value"
"1","Insight",9,29891.2824484778,3321.25360538642,4.03733988014539,0.000974785030124838
"2","Residuals",40,32905.3654533224,822.63413633306,NA,NA
