"","term","df","sumsq","meansq","statistic","p.value"
"1","Insight",9,149413.559310243,16601.506590027,173.067754770367,1.47314128151914e-86
"2","Residuals",190,18225.7304735383,95.924897229149,NA,NA
