"","term","df","sumsq","meansq","statistic","p.value"
"1","Insight",9,40913.0135078768,4545.89038976409,1.57646807307091,0.243927177047512
"2","Residuals",10,28835.9178813487,2883.59178813487,NA,NA
