"","term","df","sumsq","meansq","statistic","p.value"
"1","Insight",9,69673.790861055,7741.532317895,83.3959142454012,9.15202023170557e-40
"2","Residuals",90,8354.58085584775,92.8286761760862,NA,NA
