"","term","df","sumsq","meansq","statistic","p.value"
"1","Insight",9,98034.6176471109,10892.7352941234,4.47915928773195,0.000417081950428938
"2","Residuals",40,97274.8196203492,2431.87049050873,NA,NA
