"","term","df","sumsq","meansq","statistic","p.value"
"1","Insight",9,99775.526637177,11086.169626353,14.4553655954751,3.47929885578329e-14
"2","Residuals",90,69023.177572492,766.924195249911,NA,NA
