"","term","df","sumsq","meansq","statistic","p.value"
"1","Insight",10,166668.426540914,16666.8426540914,149.265277421696,2.19362300118821e-89
"2","Residuals",209,23336.7744653975,111.659207968409,NA,NA
