"","term","df","sumsq","meansq","statistic","p.value"
"1","Insight",9,151499.631687221,16833.2924096912,5.21858518352521,4.08549211857524e-06
"2","Residuals",140,451590.010410603,3225.6429315043,NA,NA
