"","term","df","sumsq","meansq","statistic","p.value"
"1","Insight",9,135869.662281326,15096.6291423695,18.4889252365511,6.30748182105791e-22
"2","Residuals",190,155139.333430788,816.522807530464,NA,NA
