"","term","df","sumsq","meansq","statistic","p.value"
"1","Insight",9,163660.548581728,18184.5053979698,4.83096185004863,1.26057522141513e-05
"2","Residuals",140,526982.16933552,3764.15835239657,NA,NA
