"","term","df","sumsq","meansq","statistic","p.value"
"1","Insight",10,106322.73722834,10632.273722834,108.940895457421,1.40723065346878e-64
"2","Residuals",154,15029.8943885255,97.5967168086069,NA,NA
