"","term","df","sumsq","meansq","statistic","p.value"
"1","Insight",10,163082.491586057,16308.2491586057,17.1500994034422,1.51798812112511e-22
"2","Residuals",209,198740.776596576,950.912806682183,NA,NA
