"","term","df","sumsq","meansq","statistic","p.value"
"1","Insight",9,96510.9618557552,10723.440206195,11.5162711716542,2.38015977378579e-14
"2","Residuals",190,176919.560924544,931.15558381339,NA,NA
