"","term","df","sumsq","meansq","statistic","p.value"
"1","Insight",10,19833.291346048,1983.3291346048,16.5407365763065,3.1099732499835e-05
"2","Residuals",11,1318.96305705658,119.905732459689,NA,NA
