"","term","df","sumsq","meansq","statistic","p.value"
"1","Insight",10,15306.8068171166,1530.68068171166,8.44892202863332,0.000750589860890876
"2","Residuals",11,1992.85630069329,181.168754608481,NA,NA
