"","term","df","sumsq","meansq","statistic","p.value"
"1","Insight",9,166528.175841508,18503.1306490564,4.6460269097481,1.43240835388044e-05
"2","Residuals",190,756688.433281442,3982.57070148128,NA,NA
