"","term","df","sumsq","meansq","statistic","p.value"
"1","Insight",10,97659.0366638315,9765.90366638315,3.50835939950154,0.00181855215401584
"2","Residuals",44,122478.831952596,2783.60981710444,NA,NA
