"","term","df","sumsq","meansq","statistic","p.value"
"1","Insight",9,168792.532814195,18754.7258682439,5.12255584668106,3.25986306213151e-06
"2","Residuals",190,695628.905105075,3661.20476371092,NA,NA
