"","term","df","sumsq","meansq","statistic","p.value"
"1","Insight",10,17206.0777233244,1720.60777233244,0.395072029296029,0.92266415709155
"2","Residuals",11,47906.9235283043,4355.17486620948,NA,NA
