"","term","df","sumsq","meansq","statistic","p.value"
"1","Insight",9,85543.6555675572,9504.85061861747,2.1911784536015,0.0297299975833566
"2","Residuals",90,390400.222432611,4337.78024925123,NA,NA
