"","term","df","sumsq","meansq","statistic","p.value"
"1","Insight",10,180421.157317146,18042.1157317146,4.44074764916415,3.63341814800556e-05
"2","Residuals",99,402222.688284471,4062.85543721688,NA,NA
