"","term","df","sumsq","meansq","statistic","p.value"
"1","Insight",9,60111.8638610514,6679.09598456127,7.99046735643348,1.33657817283037e-08
"2","Residuals",90,75229.4717938528,835.883019931698,NA,NA
