"","term","df","sumsq","meansq","statistic","p.value"
"1","Insight",10,88805.0183496061,8880.50183496061,81.2766299141579,3.61106872327562e-43
"2","Residuals",99,10817.0046246954,109.262672976721,NA,NA
