"","term","df","sumsq","meansq","statistic","p.value"
"1","Insight",9,162098.328777604,18010.9254197338,5.08876086161135,5.95357726776305e-06
"2","Residuals",140,495509.540993501,3539.35386423929,NA,NA
