"","term","df","sumsq","meansq","statistic","p.value"
"1","Insight",10,103764.136555505,10376.4136555505,2.7343216869681,0.00400387513928229
"2","Residuals",154,584411.011539267,3794.87669830693,NA,NA
