"","term","df","sumsq","meansq","statistic","p.value"
"1","Insight",9,46744.464174276,5193.82935269733,1.31543120821669,0.259674708212315
"2","Residuals",40,157935.415254091,3948.38538135226,NA,NA
