"","term","df","sumsq","meansq","statistic","p.value"
"1","Insight",9,122051.00807148,13561.2231190534,13.67956409457,1.34586262288863e-15
"2","Residuals",140,138788.869553314,991.34906823796,NA,NA
