"","term","df","sumsq","meansq","statistic","p.value"
"1","Insight",10,112711.993676332,11271.1993676332,12.4106098139442,1.20880293318436e-15
"2","Residuals",154,139861.354811531,908.190615659293,NA,NA
