"","term","df","sumsq","meansq","statistic","p.value"
"1","Insight",9,12359.2064219987,1373.24515799985,4.19312950037185,0.0177143422266776
"2","Residuals",10,3274.98866390382,327.498866390382,NA,NA
