"","term","df","sumsq","meansq","statistic","p.value"
"1","Insight",10,131648.051227177,13164.8051227177,136.985691030579,2.45985626801145e-71
"2","Residuals",154,14799.9398597476,96.1035055827764,NA,NA
