"","term","df","sumsq","meansq","statistic","p.value"
"1","Insight",9,36326.3918864072,4036.26576515635,31.8526025799997,1.65612356449282e-15
"2","Residuals",40,5068.67940227997,126.716985056999,NA,NA
