"","term","df","sumsq","meansq","statistic","p.value"
"1","Insight",9,31842.9446787738,3538.1049643082,2.87223161483892,0.0103254372974629
"2","Residuals",40,49273.2542324116,1231.83135581029,NA,NA
