"","term","df","sumsq","meansq","statistic","p.value"
"1","Insight",9,122048.215425616,13560.9128250684,16.009435938842,8.2573210848343e-18
"2","Residuals",140,118588.050369931,847.057502642362,NA,NA
