"","term","df","sumsq","meansq","statistic","p.value"
"1","Insight",9,13201.2320316083,1466.80355906759,22.2932600829523,1.78988477637971e-05
"2","Residuals",10,657.958303814549,65.7958303814549,NA,NA
