"","term","df","sumsq","meansq","statistic","p.value"
"1","Insight",10,59675.089552927,5967.5089552927,2.00588745312993,0.134525273122764
"2","Residuals",11,32724.9659026446,2974.99690024042,NA,NA
