"","term","df","sumsq","meansq","statistic","p.value"
"1","Insight",9,43506.0383468335,4834.00426075927,5.06576584251345,0.000140859225427684
"2","Residuals",40,38169.977934557,954.249448363925,NA,NA
