"","term","df","sumsq","meansq","statistic","p.value"
"1","Insight",9,72153.4053493648,8017.04503881831,2.79942724384079,0.062234259896374
"2","Residuals",10,28638.1618113389,2863.81618113389,NA,NA
