"","term","df","sumsq","meansq","statistic","p.value"
"1","Insight",10,21280.6375469808,2128.06375469808,1.5507183573456,0.241053643177105
"2","Residuals",11,15095.3918813137,1372.3083528467,NA,NA
