"","term","df","sumsq","meansq","statistic","p.value"
"1","Insight",9,157206.361412852,17467.3734903168,18.4834877158477,6.38687783090521e-22
"2","Residuals",190,179554.909451135,945.0258392165,NA,NA
