"","term","df","sumsq","meansq","statistic","p.value"
"1","Insight",9,137926.966218159,15325.2184686843,4.01766805473801,0.000100858600965206
"2","Residuals",190,724746.661341563,3814.45611232401,NA,NA
