"","term","df","sumsq","meansq","statistic","p.value"
"1","Insight",9,40121.7189847468,4457.96877608297,35.4594975246612,2.59548300216845e-16
"2","Residuals",40,5028.80084297028,125.720021074257,NA,NA
