"","term","df","sumsq","meansq","statistic","p.value"
"1","Insight",9,127301.712806642,14144.6347562936,134.039941060108,2.3928960919903e-77
"2","Residuals",190,20049.8491900308,105.525522052794,NA,NA
