"","term","df","sumsq","meansq","statistic","p.value"
"1","Insight",9,48749.6674713391,5416.62971903767,6.84001379013022,6.95397083403239e-06
"2","Residuals",40,31676.1333250736,791.90333312684,NA,NA
