"","term","df","sumsq","meansq","statistic","p.value"
"1","Insight",9,23676.6512187267,2630.73902430296,1.66245141079611,0.219796404910075
"2","Residuals",10,15824.4566260326,1582.44566260326,NA,NA
