"","term","df","sumsq","meansq","statistic","p.value"
"1","Insight",10,42589.3168347871,4258.93168347871,39.4499855533118,1.07656757070967e-18
"2","Residuals",44,4750.14100625779,107.957750142222,NA,NA
