"","term","df","sumsq","meansq","statistic","p.value"
"1","Insight",9,131137.821920127,14570.8691022363,145.006990516106,3.77177880442971e-80
"2","Residuals",190,19091.9425302975,100.483908054198,NA,NA
