"","term","df","sumsq","meansq","statistic","p.value"
"1","Insight",9,97275.831876204,10808.4257640227,137.245949591015,6.64408564861612e-65
"2","Residuals",140,11025.3133988461,78.7522385631866,NA,NA
