"","term","df","sumsq","meansq","statistic","p.value"
"1","Insight",10,56123.3331246039,5612.33331246039,3.9329436084733,0.000718794298839187
"2","Residuals",44,62788.2548878233,1427.00579290507,NA,NA
