"","term","df","sumsq","meansq","statistic","p.value"
"1","Insight",9,82088.7025155404,9120.96694617116,10.0516055044194,1.51840465087445e-10
"2","Residuals",90,81667.2545290882,907.41393921209,NA,NA
