"","term","df","sumsq","meansq","statistic","p.value"
"1","Insight",9,240509.403415439,26723.2670461599,7.75489168250044,1.07110599574768e-09
"2","Residuals",190,654737.802492845,3445.98843417287,NA,NA
