"","term","df","sumsq","meansq","statistic","p.value"
"1","Insight",9,144355.220869916,16039.4689855463,193.191463998104,1.30899887837978e-90
"2","Residuals",190,15774.5018552356,83.0236939749244,NA,NA
