"","term","df","sumsq","meansq","statistic","p.value"
"1","Insight",9,75157.9086285318,8350.87873650353,82.5773425259715,1.35514721152108e-39
"2","Residuals",90,9101.51699358619,101.127966595402,NA,NA
