"","term","df","sumsq","meansq","statistic","p.value"
"1","Insight",9,108417.547831455,12046.3942034951,12.3248260370161,2.69534367119778e-15
"2","Residuals",190,185707.683969728,977.408862998567,NA,NA
