"","term","df","sumsq","meansq","statistic","p.value"
"1","Insight",10,114531.122268168,11453.1122268168,3.76612905365355,0.00011193308290163
"2","Residuals",209,635586.412813594,3041.08331489758,NA,NA
