"","term","df","sumsq","meansq","statistic","p.value"
"1","Insight",9,27227.7003526507,3025.30003918341,35.2702396866936,2.84873997421668e-16
"2","Residuals",40,3430.99459040509,85.7748647601272,NA,NA
