"","term","df","sumsq","meansq","statistic","p.value"
"1","Insight",9,11680.7663168877,1297.86292409863,11.168822950353,0.000394270884902441
"2","Residuals",10,1162.04091502553,116.204091502553,NA,NA
