"","term","df","sumsq","meansq","statistic","p.value"
"1","Insight",9,62366.4566992473,6929.60629991637,73.6038188367157,1.27387295375123e-37
"2","Residuals",90,8473.26370899347,94.1473745443719,NA,NA
