"","term","df","sumsq","meansq","statistic","p.value"
"1","Insight",9,91881.3412976048,10209.0379219561,120.678265937661,1.95281200169033e-61
"2","Residuals",140,11843.6016458189,84.5971546129922,NA,NA
