"","term","df","sumsq","meansq","statistic","p.value"
"1","Insight",9,112634.424594637,12514.9360660708,13.9018353891463,8.15326224444851e-16
"2","Residuals",140,126033.074065733,900.236243326664,NA,NA
