"","term","df","sumsq","meansq","statistic","p.value"
"1","Insight",9,84009.8287218108,9334.42541353453,8.77205362493022,2.15428964181924e-10
"2","Residuals",140,148975.327075161,1064.1094791083,NA,NA
