"","term","df","sumsq","meansq","statistic","p.value"
"1","Insight",10,61980.6458560434,6198.06458560434,7.96311870608673,2.72707143893186e-09
"2","Residuals",99,77056.2912123624,778.346375882448,NA,NA
