"","term","df","sumsq","meansq","statistic","p.value"
"1","Insight",9,82388.0765724467,9154.23073027186,2.13198542495659,0.034571419298869
"2","Residuals",90,386438.273020202,4293.75858911336,NA,NA
