"","term","df","sumsq","meansq","statistic","p.value"
"1","Insight",9,67315.5798113073,7479.50886792303,70.3468446763331,7.42175586462476e-08
"2","Residuals",10,1063.23302805355,106.323302805355,NA,NA
